,A,B,C,D
2000-01-01,2.1163252926935696,0.969781330547837,0.12700473973599136,1.0016870739806738
2000-01-02,3.206878816053735,0.9910121726609119,0.8212640623658772,1.0863570630904633
2000-01-03,2.110749313570341,2.3206756945897884,-0.5444248612828723,0.7858357856337952
2000-01-04,1.4375518313616387,1.999852238291579,-0.881452932230704,0.2821560563963815
2000-01-05,1.789136879633441,1.9400691540015242,-2.1755660173045515,-0.4916813974638601
2000-01-06,2.652016103873458,-1.0684601619005165,-4.25298287422007,0.03759057334847227
2000-01-07,3.1159860866448716,-3.66214490980518,-3.3476145289101367,-0.1392107597419109
2000-01-08,4.161952586474458,-2.9285610429954296,-3.8412074724922345,-0.6280051165183578
2000-01-09,3.606134553025124,-3.207939983548741,-4.309473434471688,-0.7875841174645108
2000-01-10,4.411088168617702,-3.187075002900773,-3.1750886801238845,-0.5913897240832061
2000-01-11,4.5417842356583265,-4.927569316862836,-3.591298394574654,-1.434897701556535
2000-01-12,4.856214283356761,-3.131421144867617,-1.7435458719149317,-2.5358159550948356
2000-01-13,4.881773362792275,-2.9081418818911335,-0.611056099103575,-0.8462521148092397
2000-01-14,5.6867007973665435,-2.6125869295043267,0.12317183016731503,-2.0354746908683548
2000-01-15,6.116390924457196,-3.8629292787589335,1.116927394674612,-1.917502876228854
2000-01-16,7.640944302334815,-4.465001315835252,0.5625834724020585,-3.131914321055688
2000-01-17,7.657627807902285,-5.610890540560293,-0.5704515819350503,-2.7061838982879376
2000-01-18,8.847675151568147,-7.284327974935191,-1.687029702953478,-3.618445932208007
2000-01-19,8.183847839424372,-7.651088046644133,-2.558506269913613,-0.6807995972356604
2000-01-20,10.06776137685575,-6.725146599781954,-3.582674050325991,-3.2029265172739323
2000-01-21,11.306361781566263,-6.7907594324263805,-4.533621659485203,-4.217213035822937
2000-01-22,11.985794065114444,-5.420854317081054,-3.7408707803596233,-5.020774144395605
2000-01-23,9.510201089385653,-6.485554307862576,-2.1117760094243616,-5.576471253204321
2000-01-24,8.322788607465672,-5.809686090485876,-1.112014636865771,-6.1823983139249075
2000-01-25,8.804086350092733,-5.436733671052996,-1.9868509667642313,-4.264457365035181
2000-01-26,8.61650820792888,-6.1090992798247585,-2.324390694551056,-2.815324267736269
2000-01-27,8.776748790899543,-7.294826722179478,-3.1743821498565725,-4.260951509385967
2000-01-28,8.881237567791251,-8.811757505703678,-3.0053104193632585,-6.02779530046366
2000-01-29,8.145243976777143,-11.089323301293582,-5.024431045495287,-5.404297534903588
2000-01-30,8.095040011451054,-10.33475603571569,-4.197368090706091,-5.195349348020621
2000-01-31,6.175468990307281,-11.283913652945333,-4.401654452421477,-5.004794992968794
2000-02-01,5.658551766496296,-10.24744300760957,-3.7967592605013105,-6.28546693422531
2000-02-02,5.270595860735122,-12.337485465194426,-2.412851806781109,-4.180993566554189
2000-02-03,6.158978065810075,-13.506880947489202,-1.2854619468808475,-5.160318556538382
2000-02-04,7.285898106388778,-14.679564787292495,-0.18276026194877337,-4.639806695208359
2000-02-05,8.352377532369555,-13.786205787607404,-0.8339684211953879,-4.77171325724006
2000-02-06,8.323026023219704,-14.555404613310072,0.5803042998639358,-4.821291886617711
2000-02-07,6.894467688336745,-15.824585226051601,-0.2777279859196937,-3.10007124443988
2000-02-08,8.434457655442426,-14.8047683540185,-0.21537528923629257,-2.775418285575957
2000-02-09,9.313492568163095,-15.407947334415669,-0.26130710809606583,-0.13138143965865678
2000-02-10,9.844895642813803,-14.500675220658067,-1.587266220559772,-0.17889089671236252
2000-02-11,11.940676658233395,-13.236421891114261,-2.0990764660287944,0.02957788664701058
2000-02-12,9.189562157451967,-13.7757132130764,-1.6039367513516796,-1.2221707244487754
2000-02-13,10.112162350291634,-14.374969264331622,-1.9656696125857152,-1.9777503635175162
2000-02-14,9.640363043673524,-12.758301294395949,-0.7312033541016176,-0.3987262577617847
2000-02-15,9.536016658299216,-13.312571669844626,-2.01247432428702,-0.799977092257089
2000-02-16,9.113282295240996,-12.212382504098674,-3.430745013901128,-1.4255155840214075
2000-02-17,10.364019013115108,-12.65369190663464,-3.696564071858285,-2.288083633666367
2000-02-18,9.840989396617745,-12.087844859463605,-5.231523872739896,-1.4959008788931998
2000-02-19,11.65981888651228,-11.016231389997,-4.799511101271282,-0.4066089920758995
2000-02-20,10.604860067587458,-11.612274869696172,-6.127887520679563,-2.4880587263504825
2000-02-21,12.169792777586718,-10.946230570411256,-5.190838334499823,-1.9310707807625902
2000-02-22,14.567931300108794,-10.786710212193803,-4.88615656190264,-0.7383163608017738
2000-02-23,13.103138796313802,-11.878932224187926,-5.2031825106204455,0.12136760388579415
2000-02-24,12.263600742108984,-14.770809186906218,-4.9035523985416,1.2291699250165058
2000-02-25,13.503245821911646,-16.223696030785295,-4.828791832466117,-0.7893402031429497
2000-02-26,15.39530110394978,-15.681349153006629,-4.78728186256889,-0.6190258176051548
2000-02-27,14.967720788702884,-17.735157081788742,-5.4229117824125455,-1.1341205333396989
2000-02-28,13.95856183783909,-19.094835906609344,-4.190963859857245,-0.6112083689155854
2000-02-29,15.127516729727885,-20.343793113413746,-4.3251080094784236,0.7810246272519541
2000-03-01,15.202322916660814,-19.569323628804376,-3.2321019641869233,1.2791242785714285
2000-03-02,16.819100254917792,-18.984632265374614,-3.0877246656125017,0.9040306625609793
2000-03-03,17.42131281743701,-18.730070022017415,-0.9951109844906356,-0.5514145747349899
2000-03-04,16.989236511355333,-18.65213764238343,-1.6044798737990345,-0.799961049890294
2000-03-05,16.937601831900395,-19.584401683963314,-2.269808913116755,-0.5731224534608099
2000-03-06,17.55372476468233,-18.218732142086036,-3.20571908117344,-1.5333649927818462
2000-03-07,18.237347338082685,-16.552302665673146,-1.6381532364712459,-2.495685641913115
2000-03-08,17.11550152052366,-16.76854791532519,-2.626859978216713,-2.1948290967416613
2000-03-09,17.323309736160212,-15.425901983723138,-6.299191282252718,-1.802167290243518
2000-03-10,16.975282121738662,-15.157413052165413,-7.180594206000529,-0.08537481255081492
2000-03-11,16.228502592926905,-17.322661997789695,-9.668974614225194,0.9120999498458877
2000-03-12,16.292348694966382,-16.938088469043038,-10.731378299136027,1.3841000771205196
2000-03-13,14.048483716774843,-16.462705835776003,-10.333163591617327,1.4203682602185603
2000-03-14,14.729819096913717,-16.57450305881368,-9.168161930327233,2.4975821451583577
2000-03-15,13.364116170584659,-14.845162630769881,-10.299284074619388,2.4754033828396755
2000-03-16,12.229406084762113,-14.947982059898496,-9.81989366944385,3.0899559566465458
2000-03-17,13.384034695931645,-15.09948635679526,-8.436146726070408,4.373725259951718
2000-03-18,13.814198601495132,-15.23794149779771,-8.57851985918497,3.070997665345661
2000-03-19,12.40584699672546,-13.690540721399465,-8.515820971307411,4.145878655162297
2000-03-20,12.94296258269487,-14.14583939944365,-9.943705962024895,4.462100820561721
2000-03-21,13.189220168274122,-14.61442134823542,-9.231921683243895,5.2828975949455526
2000-03-22,14.733862641334472,-14.169049577362083,-11.040459063259041,5.633779202972043
2000-03-23,13.265789119209881,-13.874508972030895,-11.293073863856852,4.99915456801893
2000-03-24,12.708434447531447,-14.307956361726303,-12.17597206101982,4.187932819725653
2000-03-25,14.286926634202329,-14.54615706649461,-9.774494313243416,3.8215416254940586
2000-03-26,14.279761996193841,-14.295612037005206,-10.677614176492169,2.1007238442432823
2000-03-27,13.157176211868675,-13.026463176345516,-10.630967864161658,2.2819259928463462
2000-03-28,13.618309301799549,-12.335107998180437,-10.937808272879698,3.410054374674754
2000-03-29,12.419422565542057,-12.071097257628182,-12.721497712197824,3.121256612426272
2000-03-30,12.415208216595133,-11.72944764853056,-11.749623464110202,3.0370161061955434
2000-03-31,13.963107477813281,-12.064272586379806,-11.797423318664645,0.781551226172065
2000-04-01,13.836769001266852,-12.30312171816994,-11.19719515233405,-0.18861979563353748
2000-04-02,12.619441335199317,-11.335324987734323,-12.24658205472297,-0.40919082047181565
2000-04-03,12.61193624028426,-9.99709910628113,-11.908203151776888,-1.00292948401138
2000-04-04,12.600473545389379,-10.393946888234403,-11.969485161954582,-0.7475352776677252
2000-04-05,13.46471944776176,-9.66031533217885,-13.766182540527515,0.49333612763889556
2000-04-06,13.354290128601317,-8.434460418567191,-13.500523510979178,0.6360045624733957
2000-04-07,13.274460067926686,-6.904705655920571,-14.627278308981001,3.247918502911521
2000-04-08,12.518539196807321,-6.420757611633521,-15.058607461018687,2.5098283604569835
2000-04-09,12.96164601580142,-5.916444044370084,-14.00162427321517,3.513360467911724
2000-04-10,12.067568348557423,-6.187073796898562,-15.64948992369784,4.770082720519822
2000-04-11,13.347545964279275,-5.7308659822781145,-14.760987014304959,5.287109260743175
2000-04-12,13.342251383065822,-7.266206741661711,-15.021681782412209,4.875961788683854
2000-04-13,12.65752888734294,-7.204447495418526,-16.221462666921283,5.770704407616634
2000-04-14,12.29987334260999,-7.898469816966185,-16.80609846877638,4.735940522239779
2000-04-15,12.464420981080938,-7.057233637129751,-16.751512070478352,5.219936338753455
2000-04-16,12.44094883392438,-6.410745256412328,-15.05743696366979,5.227411392738984
2000-04-17,11.041826441759774,-7.464142529385464,-15.048916745737042,4.729050024396366
2000-04-18,11.996637462166179,-8.073329557949044,-16.186143190052356,5.782796401204779
2000-04-19,13.177569990190294,-9.415668934803602,-15.146804026331907,4.368442193870376
2000-04-20,13.838146006671849,-9.305848234052618,-14.615103959754272,4.0354515788728325
2000-04-21,14.672659045551754,-8.83539574124045,-15.160552137943492,4.659602898434725
2000-04-22,13.2764309629478,-7.66361464586474,-16.06842978545983,5.175551008011014
2000-04-23,13.72633953923803,-7.497204894190737,-15.711003501378915,3.2325625885657683
2000-04-24,13.118125098518464,-9.03979857399019,-15.35299330006321,3.0399534109242996
2000-04-25,13.930794389534471,-7.68459950979541,-15.96384305261921,1.7451356207053257
2000-04-26,14.717986195061293,-7.668713807842681,-14.598466664909076,2.0651738300499076
2000-04-27,12.873211283126325,-6.668833285195312,-14.071618023614228,1.884970387165775
2000-04-28,14.17266710507613,-7.3417409670827976,-12.091712255403174,3.9921477528329268
2000-04-29,14.863649627001728,-6.763323891374595,-12.30595631992691,5.293777345909493
2000-04-30,15.707337956391775,-5.922392838431901,-12.065024502852838,4.320912892970499
2000-05-01,15.452612915694829,-5.375244444493996,-11.765733645052844,6.335576110059991
2000-05-02,17.68462287800372,-5.421145593017242,-10.98513180231715,6.861061007778997
2000-05-03,18.25369933057937,-3.3271474819265547,-11.627525735858631,5.727761045367281
2000-05-04,18.87104763224026,-2.048596303980032,-11.188398758587432,6.741084590680848
2000-05-05,19.135843309295755,-2.6628944413098874,-9.829394970681065,7.090535928435585
2000-05-06,18.33910346076794,-2.2878379351652716,-10.878642276954537,7.389861305942309
2000-05-07,19.931709287861676,-3.990845941615121,-10.964284482588988,6.609420617277404
2000-05-08,20.48037425000779,-4.75144030380953,-11.053728307142498,4.0567733746190715
2000-05-09,19.648098588228713,-3.2698494341133233,-11.074343324860196,3.668481481191466
2000-05-10,19.77803365942053,-3.362002574299495,-12.014290864098296,4.447057769221108
2000-05-11,19.42726761790894,-4.676905926819446,-11.786306024680817,4.723334100472963
2000-05-12,16.93801848484884,-2.862121530250683,-13.549068306921805,6.445940817351918
2000-05-13,19.159509694722292,-2.8107011914206823,-13.742896601298957,4.9253677895217205
2000-05-14,19.831302881465785,-4.94427855908426,-14.846986427743861,6.191605550270141
2000-05-15,18.350950622385746,-6.668798123703816,-14.431300705991394,4.797913285478049
2000-05-16,19.36312918228411,-6.491235019420839,-15.955016035104538,7.233101868573899
2000-05-17,21.385998622580498,-6.388874601614606,-18.488822082025646,6.429265657405164
2000-05-18,21.845235874848708,-6.675307838670245,-18.931478458408716,6.187568940285624
2000-05-19,21.652719519203888,-6.784860742946208,-18.353559419906514,5.525870443169216
2000-05-20,21.15431990141147,-7.966376079300553,-18.811682150062303,3.403882097491335
2000-05-21,21.155647711682366,-8.365323551922842,-19.45771007298099,4.460763299232645
2000-05-22,20.699561650343732,-9.030463141676085,-19.57891242165967,4.2614039802674055
2000-05-23,22.728239102881187,-9.419911746591547,-20.068642526788,4.881875111874273
2000-05-24,21.891602042615002,-8.833159450268816,-19.466068585272623,4.732519663876136
2000-05-25,22.91469153836142,-7.925194004953977,-18.90190913025533,4.67483479858247
2000-05-26,21.635785059271004,-8.17473358024976,-19.747161829926785,4.937451515310637
2000-05-27,20.979635220496323,-8.514282523963232,-19.781033910309183,4.735849369179602
2000-05-28,19.797477282484515,-7.254433096311756,-20.520321071975946,2.492568051104465
2000-05-29,19.86363891478445,-6.238871443119166,-21.04677718895132,3.0973421873325004
2000-05-30,19.989967090317364,-6.336705094170904,-20.801779517958405,1.8063088213854328
2000-05-31,19.45035081022234,-5.7556438536914545,-21.53411859532006,2.9546130008555247
2000-06-01,19.166722151196126,-6.352784615387942,-21.50764655170556,0.49519910423257674
2000-06-02,18.87418674998787,-4.660968488148783,-20.491271578071494,0.6035637574958607
2000-06-03,18.094906486988304,-5.297616698876846,-20.91926991483448,-0.08229689359335235
2000-06-04,17.707411910769245,-4.243285417812362,-20.376181196723223,0.8736098522336125
2000-06-05,19.42077541279101,-2.292689963948381,-20.359375848524937,0.3042265650246603
2000-06-06,19.737841771789604,-0.7165146683740871,-19.810110982032615,-1.014576256157288
2000-06-07,19.89131755663884,-0.5668540372422445,-19.375477078196795,-0.1891412918775961
2000-06-08,19.091669904459046,-0.0004879033337323868,-20.747482714826912,-0.03182863055558652
2000-06-09,20.01080260287185,1.4631396196949908,-19.538979119365504,-2.2472231631530293
2000-06-10,18.992281909796855,1.1517293732220066,-19.951676150967522,-2.440547768962622
2000-06-11,18.53793116901972,2.010927940535503,-19.92473527475534,-3.0335877929158777
2000-06-12,18.250211775757286,2.351406666245907,-21.551758965557383,-3.929033866510099
2000-06-13,19.33358335838793,3.096284566732048,-22.198846998983697,-4.367573860031268
2000-06-14,18.783052632377927,3.920602649641468,-20.580833849297505,-4.581559384508817
2000-06-15,19.73060249850594,4.037551061913366,-20.57918741562767,-5.671578744985453
2000-06-16,20.476434955230253,3.8609232375906584,-20.204604804416334,-5.230966342513813
2000-06-17,20.257915088473048,3.357258942828296,-17.684927336843298,-4.703039424943701
2000-06-18,18.74776426635102,4.290137296180053,-16.526396106887187,-4.071648905507445
2000-06-19,17.668861326003977,5.221807550394955,-16.484462821060422,-4.60691205570583
2000-06-20,17.74323709734757,6.199161045647088,-15.28197764608155,-2.866618849030453
2000-06-21,16.656409178021462,6.470563780469873,-15.981278550782662,-2.5696029924249344
2000-06-22,16.584229325539013,7.426236673456168,-16.42728329563106,-3.5634959400919297
2000-06-23,16.79457001366634,7.598320575417664,-15.484383211595365,-2.8917358681877396
2000-06-24,16.727054798427346,8.39674411764625,-16.370779014016435,-4.004158466606948
2000-06-25,16.81216225823721,8.317960314423223,-17.10963586142321,-5.511025138923191
2000-06-26,14.749893581228838,8.43791971970561,-17.165830958488744,-5.9851696621317165
2000-06-27,16.329924999846348,8.155637593320254,-13.961793004044788,-5.3453857230111055
2000-06-28,15.248473719185847,7.6790228027440985,-14.628300180374852,-6.6666537602282725
2000-06-29,15.684918133500606,6.832002826169344,-15.111128491912213,-7.406854170102977
2000-06-30,14.422969032947107,6.512806078261944,-14.904890322451262,-7.160082802603814
2000-07-01,16.009322792903227,7.675456733354511,-15.143007739494847,-7.1570192709088705
2000-07-02,17.670843212894713,7.3630887299775685,-15.318951467076923,-6.2165920668884045
2000-07-03,16.945306850189525,7.6854649264365635,-15.059638368432646,-5.472042403912512
2000-07-04,17.179768206443647,6.473624221169215,-14.924421560224536,-2.760475061185707
2000-07-05,17.890223452551528,5.884332709405657,-14.161827991238326,-4.217185943489612
2000-07-06,19.201465452097292,6.22580164426425,-14.200058260709943,-4.467450821190243
2000-07-07,18.071459232212526,5.581097355620839,-13.721217958191334,-3.6240358263580674
2000-07-08,18.078116678771245,5.854802705482571,-14.033155586834171,-6.492261120513138
2000-07-09,18.12838303378311,3.3809286138249584,-14.31052753669286,-7.939762367568493
2000-07-10,18.077224221163767,2.139285088309361,-14.512610341944082,-8.409912527546169
2000-07-11,17.84892113194308,2.0152690679432954,-12.448719734588492,-7.388895499266543
2000-07-12,17.77587949430083,2.738894901090726,-12.817780139047114,-8.370689074277193
2000-07-13,17.841788701589188,2.4183042104983783,-12.710943067001228,-8.572979415686355
2000-07-14,18.525325621455156,1.0936049839951618,-12.322926022855022,-7.21214691033007
2000-07-15,20.273674981001335,1.009582937811582,-10.918250368919354,-7.483689593631671
2000-07-16,19.84263820126325,0.7406606290575211,-11.947141974215356,-7.326799558553169
2000-07-17,19.597772875096403,-1.372138646772543,-12.07579988149042,-7.192326745314562
2000-07-18,18.971277573903883,-1.6885422569764597,-11.297930082574906,-8.11435371246931
2000-07-19,20.657123484323463,-2.0828459192169198,-11.549946313793912,-9.454320986784364
2000-07-20,21.527953262409852,0.4730181246583074,-12.580145579137985,-8.691345214727692
2000-07-21,22.72053576971611,1.176851272273779,-12.828016474623915,-9.371921587999228
2000-07-22,21.81555083215885,1.1141433063036792,-13.773865317082944,-10.014574395270127
2000-07-23,21.55537377177852,0.20275799988304577,-15.595550823112786,-11.836694718767717
2000-07-24,20.879095996092353,0.17452388079497438,-16.324904261026422,-11.792653225811478
2000-07-25,21.239634602092323,-0.05221763089657369,-16.638002515997247,-11.868936808162378
2000-07-26,20.88008751380207,-0.05604206704228105,-16.14703211971073,-11.768442423842366
2000-07-27,22.410285213173378,-1.3231340414170538,-15.801173605602624,-10.55945516784627
2000-07-28,21.593160162174794,-2.3883566126412554,-15.273897439267042,-10.492211447922061
2000-07-29,21.623282976767914,-3.3920582540441497,-13.689249390336796,-10.092354066711719
2000-07-30,22.97258900592516,-1.7102147080095271,-13.514972560574902,-9.40670059120203
2000-07-31,21.765810951871856,-0.7726593731191459,-13.943842605131675,-9.010838510569704
2000-08-01,22.075398582860117,0.7782925933622903,-15.139408283760606,-7.670784754206701
2000-08-02,20.552432745730524,0.8634423073204682,-15.192935147894168,-7.280796619278382
2000-08-03,21.615872426546947,0.0988400885029096,-14.803392392836743,-6.587089403542411
2000-08-04,21.33487417622936,-0.9244409740101579,-14.004001380662864,-7.4001601781862325
2000-08-05,18.988215792849324,-1.4417727104099551,-14.285723180430203,-7.692051351606953
2000-08-06,19.630357639340865,-0.5392103582234012,-14.638574183691722,-7.48532713897086
2000-08-07,20.459385150461998,-0.8515763290643393,-14.856271870763445,-5.987743995366381
2000-08-08,19.858974853972214,0.6079894833658327,-15.00166630121191,-6.559942577889287
2000-08-09,20.176740950674066,1.029140201462732,-15.952538805364135,-5.5508646992389155
2000-08-10,18.608314981027455,0.5912065117676472,-16.85752403615414,-4.296998610893917
2000-08-11,18.918641668087425,0.5832794619370256,-15.703302272763285,-4.029543514521379
2000-08-12,18.758024875442576,-0.28119571009851674,-15.870796202591912,-4.448693394371624
2000-08-13,20.083727066413946,-0.973248377327227,-15.741975077799289,-6.422077360569787
2000-08-14,19.902504316639146,-0.5012103285987115,-15.572659274379008,-8.327107386513894
2000-08-15,18.573882394402727,-0.9412821879523361,-16.590368012754297,-8.924878488047385
2000-08-16,17.461494657762874,-2.245500970480883,-16.094983285631116,-8.200228128644866
2000-08-17,18.72171374177994,-1.9918916742800143,-17.80780084971294,-9.61557822062612
2000-08-18,17.95000800386038,-2.415780090664996,-16.08577802463128,-10.569172820035309
2000-08-19,18.268795743614238,-2.998874857358477,-15.927531991680278,-9.608165478824203
2000-08-20,17.719240949393647,-3.727599098682519,-13.337395543820502,-10.040601835837752
2000-08-21,18.15669529923479,-2.8941745881070937,-14.281685026649354,-8.849033536212099
2000-08-22,18.308890309328415,-3.7277921322279575,-14.355824899976177,-10.42614938674599
2000-08-23,18.530814400713837,-5.691478007674689,-15.32122850522243,-9.383031976044464
2000-08-24,17.995469789700138,-5.500731653784558,-16.061835133174448,-9.142208843457878
2000-08-25,17.586601056426222,-5.730821285646388,-16.845010277556977,-9.453448938892768
2000-08-26,16.99904562057157,-3.811017224990741,-17.250301469230543,-9.006636135439097
2000-08-27,16.0953312226529,-3.984493003685349,-17.016048618856466,-9.803591784092633
2000-08-28,16.501457756098162,-6.8245357565018345,-17.442412909128162,-10.243224544614769
2000-08-29,13.098651765496374,-7.590585117937824,-15.210040288101638,-8.244930448712283
2000-08-30,12.682839683324008,-6.418865728956894,-14.895053211933275,-8.392792346415735
2000-08-31,12.53765836897059,-7.009895769956676,-15.021509260031685,-8.722219553600036
2000-09-01,13.172306622199944,-7.370628888877511,-15.842715044938926,-8.206833392915991
2000-09-02,12.98250644528652,-4.997535950151883,-17.536202263270678,-8.10039785502722
2000-09-03,13.194258677974188,-5.056039943925391,-16.74823096205548,-9.950763160409723
2000-09-04,13.542748447597228,-5.249254104417074,-17.449919456179654,-10.880683462674256
2000-09-05,14.178034032590293,-5.4688435811073495,-17.063279893808655,-11.514098075249782
2000-09-06,13.73309475978561,-6.553213541918583,-16.87320058458691,-12.02817899907445
2000-09-07,14.435214686844224,-6.594627748675489,-16.752057622000546,-13.772495385553858
2000-09-08,15.004548767762714,-6.296881802224091,-17.50893162072551,-14.283473030499657
2000-09-09,14.568263636760973,-5.548924963997998,-17.605119699526984,-14.879542345572261
2000-09-10,13.938238519326097,-5.168912259937757,-18.76898871782415,-12.880787805448524
2000-09-11,13.093661941789062,-5.434409536458273,-19.600280381924442,-13.64589808021348
2000-09-12,12.316935842597903,-6.947400226063822,-19.023297209644255,-13.374624979171411
2000-09-13,11.830544788430625,-7.087057314296149,-18.964208140378986,-12.146712065459003
2000-09-14,12.461389926531597,-8.075980370127473,-17.973187181442952,-12.349436657557511
2000-09-15,12.723544695356937,-6.609891091640012,-17.26177596050036,-12.810710184678562
2000-09-16,11.88439466971757,-7.042032996527337,-17.711643432846216,-13.039069329734115
2000-09-17,13.417958295591387,-8.0063244662651,-18.06427355413836,-13.343360474845303
2000-09-18,13.578375444613119,-8.103748738763088,-17.95789473001387,-12.726344750508376
2000-09-19,12.663198403628453,-6.950692268193594,-19.298959304108056,-12.67822867892906
2000-09-20,12.879847838400172,-6.95157031972516,-18.161873858033786,-12.874517281289013
2000-09-21,12.74329750022175,-6.576043279034585,-18.979662028985874,-12.804656679509286
2000-09-22,11.43073159520265,-7.758085570255073,-18.907946107551048,-10.311848568615611
2000-09-23,11.127200233109672,-7.257149082789739,-19.35249275673271,-9.55886025749951
2000-09-24,11.452560235327894,-8.344538731207637,-19.370872467566787,-9.252931904447932
2000-09-25,12.238533543551501,-7.593305606033664,-19.945158331664892,-8.461428946073253
2000-09-26,13.449290813950624,-7.019914165555994,-17.530568821729023,-7.128595052159027
2000-09-27,13.332795441401018,-7.499845034293709,-17.441093010805268,-8.810735942624786
2000-09-28,14.603948778211661,-6.627547354071987,-19.305315801419475,-10.22766173058487
2000-09-29,15.144534009332638,-5.577127422785803,-19.228189047553073,-10.810154912598309
2000-09-30,15.79202768303733,-5.692633178451727,-18.73529521545388,-12.548097489605126
2000-10-01,15.968312492377368,-6.060094618307891,-17.323671772508437,-12.181686054728633
2000-10-02,15.628370501884518,-4.397448521441665,-18.65340595715144,-11.690482246982453
2000-10-03,16.949179695502874,-3.249381795525158,-17.576769813281256,-12.182550659932689
2000-10-04,16.768517388882003,-3.8979759199167545,-16.588145329651727,-12.194122076509045
2000-10-05,15.170051462434957,-4.030579995048188,-17.77610977904838,-11.38132619819297
2000-10-06,14.202176151268382,-4.268299539982108,-18.541126046761352,-12.36726656201531
2000-10-07,15.10021600508653,-3.5990007529138386,-17.877719112293054,-11.73687856668078
2000-10-08,14.85430973160239,-3.697682294546765,-17.733716816816525,-12.122207326288343
2000-10-09,14.447104251290613,-4.794080347301253,-16.390090942601713,-12.135049937848292
2000-10-10,15.018272467390917,-5.746370496486179,-16.774032610455883,-13.685725107765712
2000-10-11,16.63329335248801,-5.0986309582670994,-15.094680158789892,-14.385856469157552
2000-10-12,16.474903826960286,-6.010093978605685,-16.005753914418012,-13.267161943860918
2000-10-13,17.397063711069386,-7.299931101534461,-15.180213311136171,-13.883908367744922
2000-10-14,17.64440726065507,-7.573723101774914,-16.08753472463865,-14.147267859863726
2000-10-15,16.968096834191492,-8.175474034486403,-15.960632904112165,-14.284008231688857
2000-10-16,19.195129786066545,-10.267048064801125,-16.891564121357973,-16.691873882782918
2000-10-17,18.816235512355718,-9.269352488476956,-18.257216412626985,-16.360594065795766
2000-10-18,19.657321802624093,-10.447026478984785,-17.985389701342676,-16.163019774549298
2000-10-19,19.710890076246127,-11.051989698712415,-18.19596795575429,-17.599341433289588
2000-10-20,19.38387473330814,-10.893604114358082,-17.48383760229316,-18.080380490586247
2000-10-21,18.781063029737954,-12.766397765517143,-17.098952787802517,-18.230043295856287
2000-10-22,19.957943028578086,-11.544807541913743,-14.60377199690688,-20.218860157772404
2000-10-23,18.94235436454031,-11.206293778119587,-13.485876073557996,-19.166682964990727
2000-10-24,17.605162681946133,-11.874512068976589,-13.689006059888163,-20.055837915573935
2000-10-25,17.383501486399762,-13.9624687811157,-13.481189558337405,-19.111219617668358
2000-10-26,19.31288883745633,-13.670147423350645,-14.62301770300838,-18.54585788678831
2000-10-27,20.108812480376773,-15.499025248644834,-16.330469778298394,-15.620219878953462
2000-10-28,20.35772028758257,-13.454534128981512,-14.363512276164046,-15.217538837662214
2000-10-29,19.427803512976443,-12.590253939526049,-13.608851658641832,-15.33008125179074
2000-10-30,19.416676477698413,-12.077654786237883,-11.21461398589109,-16.060892210344665
2000-10-31,19.729895485827196,-11.590371415706809,-10.78722467802239,-14.652992952007352
2000-11-01,21.012800008641772,-11.169226216989792,-10.890537314095678,-13.382560192764299
2000-11-02,20.156026580607502,-12.638645307401509,-10.03932115179294,-12.859186422471224
2000-11-03,21.29060985706293,-12.844543476125695,-11.16029648134927,-12.546243887240726
2000-11-04,20.79665969475992,-14.900623595954006,-10.572335845588357,-12.534855445050232
2000-11-05,19.970324421227534,-15.9900205229143,-11.955351433373915,-13.042163471397346
2000-11-06,20.048604585842824,-17.022688531870806,-11.570869319881503,-13.397945925040782
2000-11-07,17.965171140598432,-16.787177756349145,-11.129729449659063,-12.6880617502248
2000-11-08,18.550644399169915,-17.400969258335042,-12.690150397848866,-14.029758442449307
2000-11-09,18.06283866301832,-16.805599127990682,-11.976439241534697,-13.510417029249004
2000-11-10,18.694945209949307,-16.44182073194693,-11.446593006390174,-13.143774255054005
2000-11-11,18.851228454646243,-17.73239354042204,-12.098994544294344,-13.092848626123198
2000-11-12,18.015277617776533,-18.360191929559214,-12.39239448715017,-12.763322158438328
2000-11-13,17.887555657780705,-18.59377140378547,-12.591678136618844,-11.341568573414753
2000-11-14,18.23262630064647,-18.06592404128886,-12.882386689866784,-10.682182598630401
2000-11-15,18.061717074821065,-16.847046723862704,-15.587316189809034,-10.607912532559709
2000-11-16,18.210431431223306,-17.072261052762837,-15.936876101507316,-11.26424563308776
2000-11-17,18.380590831615457,-16.515075952341203,-15.884850622468482,-12.165130432968402
2000-11-18,19.556744839617778,-17.03832407708472,-15.831657480496292,-11.842855110765711
2000-11-19,19.9637416231306,-16.367977352973885,-16.50678213964357,-11.40109133920655
2000-11-20,20.362027606776433,-16.86322446069581,-16.318039917048033,-9.592017361997893
2000-11-21,20.569546426190023,-17.961375661863723,-15.208473421086213,-9.175608185666043
2000-11-22,19.47163008954798,-16.913414151607256,-15.737494895573272,-7.297752690683598
2000-11-23,19.239748425268516,-15.928445162060138,-14.91522955632276,-6.113176387772605
2000-11-24,19.163383151468622,-16.685628549362352,-16.393034987886697,-6.288459693124462
2000-11-25,19.936373331706896,-17.241790893317877,-15.541049449519614,-7.628562590794885
2000-11-26,18.181761511527462,-16.773142161866726,-14.540791490122418,-8.659883084027584
2000-11-27,18.01200805431364,-18.239932853208245,-13.964883437086172,-9.076583757948114
2000-11-28,18.553050524371592,-18.83459132822149,-14.85385415412437,-8.661115315258993
2000-11-29,18.93636410483556,-20.243754822689013,-15.616812686766188,-8.925327110777936
2000-11-30,19.98327505631358,-20.764799298294868,-13.989574999326086,-9.328118982826977
2000-12-01,21.65230890536945,-20.21597766117709,-13.027479079784003,-8.780126773591396
2000-12-02,22.393644495950426,-20.492705265628317,-10.594860164833658,-8.141132006841351
2000-12-03,24.177990308794843,-19.051699909973085,-11.499403461952367,-6.805989152892765
2000-12-04,25.371603903362,-19.24524996989712,-13.940445394887558,-6.9190069529053115
2000-12-05,26.002588825505793,-16.901595963828953,-14.384636863241264,-6.032759489676199
2000-12-06,25.413057190182254,-16.37421372243957,-11.576320469759299,-5.526318391477338
2000-12-07,25.194576724326446,-17.435437959499254,-12.47051846003836,-7.651268538077003
2000-12-08,24.792459459666798,-17.180291425855692,-11.613229433806556,-8.06224610748089
2000-12-09,26.949729862006976,-17.727844077093977,-10.936926704162024,-9.150523598763902
2000-12-10,28.861494147622082,-16.76102044035498,-11.216110759135006,-10.648303025207161
2000-12-11,27.840837123795104,-17.757376801293425,-10.193240797387155,-10.102848700968583
2000-12-12,27.850386715022996,-17.796031016331387,-10.50228170624425,-8.693057294895443
2000-12-13,25.157969998861343,-18.07836700553259,-9.354367504374101,-7.32337945585858
2000-12-14,25.27035748317488,-17.044808905139842,-8.61917825254522,-8.698831744980412
2000-12-15,26.260127464230607,-17.169985247279264,-8.615239775890121,-8.11956312623031
2000-12-16,27.70166587610839,-18.676301846085618,-9.439353021086829,-7.745690235346973
2000-12-17,27.48201166926735,-17.85073433592941,-10.990771194989437,-7.878053903169003
2000-12-18,26.657539437117194,-19.25608196826817,-9.544456701931592,-7.573087008541418
2000-12-19,26.741616093081056,-19.66384131992295,-10.134144213951833,-8.340140992437279
2000-12-20,27.064695504322867,-19.386376453744376,-10.75011220638526,-7.74321896164801
2000-12-21,26.34192239917464,-19.145817939808303,-10.423851326346032,-6.717635668077372
2000-12-22,27.157290498129765,-17.431279267635393,-8.769428159236137,-7.7650837428134105
2000-12-23,28.468235562364494,-17.66499054597932,-8.719284307508293,-7.576514322755784
2000-12-24,29.884737595265623,-18.323276212172356,-9.752169785661572,-6.424965630772279
2000-12-25,28.359308602981905,-17.63046253814881,-11.258763122002872,-6.288402561356419
2000-12-26,27.11903657589333,-18.425361122644606,-11.064059648958429,-4.385360042062095
2000-12-27,26.649009455866874,-17.98391971074825,-12.527334498164,-3.9066776386917055
2000-12-28,26.893431853939536,-18.451839313196636,-12.278864315967292,-4.573170366208644
2000-12-29,27.713755968611608,-18.500492724122783,-11.076202158037994,-5.698299712794383
2000-12-30,26.852515981680426,-17.581024634889275,-10.515950926595867,-5.619069766944958
2000-12-31,26.597440364337874,-17.081971459939727,-11.009637030312575,-6.258653100566583
2001-01-01,25.781188663324798,-17.10894221387348,-12.542033813053166,-6.741237021120018
2001-01-02,26.080448654908423,-17.01393482703015,-12.73148765589941,-5.223686056391273
2001-01-03,26.928076042989613,-17.337739290809157,-11.471881834391596,-4.266483804247935
2001-01-04,26.88404682585142,-16.40266437805655,-10.918063140248119,-4.371302503046728
2001-01-05,28.706885524613725,-16.6335397432665,-9.405872454427826,-5.050424872627964
2001-01-06,29.92181584066244,-13.868432221247415,-10.221725154863872,-6.436347404983738
2001-01-07,32.5786038906404,-13.234085577157234,-12.052567928719036,-5.809498246511492
2001-01-08,32.85780326807534,-14.340447837723765,-11.236729426875938,-4.039039841047382
2001-01-09,34.01372553726855,-15.188563804279296,-10.938892087247867,-4.451042984469963
2001-01-10,33.89302140709163,-13.308183285776446,-9.773270983855985,-3.3435121046732994
2001-01-11,33.74090919061257,-13.974005161047977,-9.029200846334652,-2.3366944728997803
2001-01-12,33.09792494308629,-15.558050452183211,-9.211768363226762,-2.1736317680572648
2001-01-13,32.99159880718508,-15.818498330261118,-10.571052897471624,-3.2292296020843114
2001-01-14,31.4628461934971,-14.587145664301659,-12.381936164502504,-1.0912655531685984
2001-01-15,30.779103930440712,-14.352448833594813,-12.474495062093704,-2.0119927677210514
2001-01-16,30.53262350700481,-14.88984156881343,-12.642634432750999,-2.8655765679550775
2001-01-17,30.19044501923901,-14.393277520221602,-13.80385860676255,-2.971227955611617
2001-01-18,31.331480951769933,-12.957306015092772,-14.332710679209395,-2.234001739739429
2001-01-19,31.10997342532668,-12.624708741687218,-14.130500063887208,-3.5351423175761054
2001-01-20,32.031088175802715,-13.38097109163102,-13.985331649710188,-4.617611893175958
2001-01-21,33.38448227041083,-14.3807331226783,-12.350906229668334,-4.334570368480128
2001-01-22,33.997191975466855,-14.969111702796805,-12.805889051830844,-4.709268904333857
2001-01-23,35.023660190839486,-16.444122202271313,-13.456795342164598,-4.986581200464803
2001-01-24,35.01883564771932,-15.986515790712305,-13.791754666973938,-5.163488964808136
2001-01-25,35.600509983438194,-16.982919252963686,-14.665559269381442,-6.843903653710021
2001-01-26,34.91572651385879,-17.02079323869476,-13.746745746304933,-8.173510658160817
2001-01-27,36.89970764413996,-18.335701185498042,-13.244082864294915,-6.791324772790057
2001-01-28,38.396106172477076,-17.272101226661196,-13.332332194503502,-5.990655943157651
2001-01-29,38.8826276257929,-16.673184725026207,-15.477387826955018,-5.605286435444992
2001-01-30,38.41596406406672,-17.08694378076053,-15.69072608649408,-4.509031649762521
2001-01-31,37.97324963858281,-16.957890868744837,-15.861425650158798,-4.788460633971834
2001-02-01,37.35704979831057,-16.017959042848815,-16.168714627505125,-4.133317462917187
2001-02-02,37.15589934619908,-15.471542478355449,-16.305383537086342,-3.247369212540711
2001-02-03,37.508387763324464,-16.099394588825536,-16.862039178244814,-3.905064420287008
2001-02-04,35.92817827362059,-14.175415275008792,-17.28056307063274,-2.4196470339665153
2001-02-05,37.08378773115771,-14.708621599690739,-17.28844409654006,-2.625188284917206
2001-02-06,37.88880192048888,-13.725260082165661,-14.714652502011937,-2.033287456520239
2001-02-07,41.2917317967457,-15.021239012361285,-14.0167509344598,-0.6912812523671072
2001-02-08,39.154108384137444,-15.381746673953826,-13.063640956590932,-0.13556516620963488
2001-02-09,38.65585821693588,-16.00888616238753,-12.176088641330653,-0.016052010837633787
2001-02-10,38.49795695074941,-15.765640048713507,-12.30532732207428,-0.7386905163874947
2001-02-11,37.35906543127421,-16.70963098773808,-11.010770291134575,-0.29748950247000916
2001-02-12,37.977810634650325,-15.49055618473568,-10.875080963435034,1.095241581728284
2001-02-13,38.179662407070225,-15.711292456245152,-11.781458645027245,1.8430368428234234
2001-02-14,37.285390752851015,-15.066490934457978,-11.385993063467234,1.1944964780299943
2001-02-15,35.807833058095255,-14.208587873202388,-12.796322650358555,-0.643167972860728
2001-02-16,34.566691555446184,-15.054925356677494,-13.837911216713206,0.6225792740872449
2001-02-17,34.545838861866606,-16.09177765432635,-15.112236582459474,-0.5464397504763032
2001-02-18,35.06176190403034,-16.23318583372715,-14.21296452493188,-0.40303713062004537
2001-02-19,35.86829596404632,-15.375409425300116,-14.429485324387224,-0.6021440664554705
2001-02-20,36.27161432980762,-18.217142156765394,-15.542032099514255,0.8466041606031209
2001-02-21,36.90858517597217,-19.580753759231317,-17.14119927404587,2.60367232246184
2001-02-22,37.01723120122238,-19.904068489562032,-18.804402750810617,1.826647487114822
2001-02-23,37.18596892019342,-20.299488500736672,-17.938078853277986,2.6655226705111303
2001-02-24,37.98168497481385,-18.36447417802512,-17.64158106393998,3.7954883105984614
2001-02-25,38.5573497802837,-18.25927689814732,-17.967424057734597,3.2138164558375215
2001-02-26,37.69441831781761,-18.021242634966526,-18.20833151786006,2.8336638268868164
2001-02-27,37.228680014448,-17.62460537663114,-16.455594237981686,0.7649774551394795
2001-02-28,37.24196639914699,-17.365449949275455,-15.045555545097033,0.37398689375308897
2001-03-01,36.702115892027244,-18.313512947057458,-15.03307435723673,-0.8144926547696767
2001-03-02,37.07369583255062,-18.49903919049439,-15.705347370558508,1.0679984387330257
2001-03-03,37.579328007290655,-20.931708934056843,-14.693113746991314,0.19666932624289568
2001-03-04,37.164006921368696,-20.534598396254502,-13.241676321064126,-0.3962844291263946
2001-03-05,38.247276328629965,-18.946060867880405,-14.232399365258432,0.08803264586321913
2001-03-06,36.98793066943692,-20.442603481578654,-13.582900011660202,1.2608988502453302
2001-03-07,37.99594709841351,-21.254505864921143,-14.380049782783555,1.0224790580024796
2001-03-08,38.70898130744155,-22.965883145092427,-13.432671759400192,0.7814903637326438
2001-03-09,38.43599703044047,-23.769622944706004,-12.820029334986007,0.18020473036309248
2001-03-10,38.20538871692505,-21.747837698005274,-12.537374498242025,-0.3952635599969626
2001-03-11,39.08457494084518,-22.438749660599875,-13.485036543605426,-0.9227172703779326
2001-03-12,39.49318166027153,-21.946287677845454,-12.467348771870649,-0.5332029999227921
2001-03-13,37.44973481607739,-21.502036900107413,-12.785040680808068,1.3393799197345269
2001-03-14,36.92151023223204,-21.860387296928412,-14.199881308137643,1.5498597582480413
2001-03-15,36.79817668817794,-21.439928768387425,-13.00287060498114,1.7245369644639181
2001-03-16,35.233930539792475,-20.371792898826406,-13.072041443699215,4.524362032736921
2001-03-17,36.80324954188189,-19.531495661216486,-13.213853918346778,5.104601709229956
2001-03-18,36.92094257786051,-21.31954288669382,-11.9093843624287,5.142041498399627
2001-03-19,35.70848493074443,-21.154237375023936,-11.327023389709018,5.459701732790157
2001-03-20,37.65633963141805,-22.4297610099994,-10.553446678414705,4.890677549572638
2001-03-21,37.41443889505797,-23.75258206145222,-10.253726422888079,6.339153306571067
2001-03-22,37.59318384190157,-25.276047630161486,-11.682694628813948,6.093173937519972
2001-03-23,37.17432518804087,-23.597481569534107,-11.681519445674612,4.743888152277524
2001-03-24,36.30875769026469,-23.872539047000437,-10.808749225696914,4.803184629434826
2001-03-25,35.40528865920573,-22.60732264682956,-11.414243027748274,5.1918493639615555
2001-03-26,36.126813339853165,-22.699662019588953,-11.111489793227545,5.2460882074375865
2001-03-27,35.46700375970869,-22.576853915494198,-11.786309346076138,4.8625749677837335
2001-03-28,34.63925762544876,-22.549676795809294,-12.679509026449304,4.333952377072817
2001-03-29,35.572458473539974,-22.49839432436725,-13.923882283676523,4.2969850790052995
2001-03-30,36.03417586472157,-21.33001993149791,-13.862118146298686,4.570938944614522
2001-03-31,34.567961786413186,-21.794010804026378,-14.29533100016342,3.4611928026812775
2001-04-01,34.945835279650225,-21.900388950618584,-12.658374261199935,2.0040636789434325
2001-04-02,33.95533995248892,-21.11468460383414,-13.871765892916654,2.4478897730224194
2001-04-03,35.588822041678085,-20.113871882005586,-12.13636501865389,3.0479877025823274
2001-04-04,35.71264909656375,-21.130253693737757,-13.334221427036391,3.166718854208224
2001-04-05,34.60139556271875,-21.063876240445357,-13.522313827703325,3.1172623102706623
2001-04-06,34.23596687382823,-22.017350724685738,-12.521079834893479,2.5271081986847816
2001-04-07,34.55981977990382,-23.040996672667628,-11.332861521357474,2.3751993661745523
2001-04-08,35.34973756268373,-23.704112924094336,-11.6137983075867,1.9438766499147135
2001-04-09,34.840216303380664,-24.050388702073832,-10.902135313915164,0.5705038749282287
2001-04-10,35.349998046972736,-24.520828366232088,-9.230236513636779,1.583680522543159
2001-04-11,34.214659449016324,-23.956588389810353,-6.760413578634722,1.7207255588812753
2001-04-12,34.068487004315486,-25.20152637087843,-7.574199966217309,1.0225982715589188
2001-04-13,31.997739916621292,-23.52016325470456,-6.460026950042444,1.2493439497566285
2001-04-14,31.472548419034435,-23.537391415216565,-6.177992673256122,1.7755342671323442
2001-04-15,32.73218635049192,-23.936697248375054,-9.807737895935862,0.3048731485497831
2001-04-16,31.66611521543554,-22.959615667629674,-11.30820894284925,0.7987607658640417
2001-04-17,32.963651467983546,-20.71645592914043,-10.846340528591472,1.1115329363697422
2001-04-18,32.196672344847016,-20.778073453961603,-11.377873633064588,1.3259554620878844
2001-04-19,32.325707354265674,-22.62295240151802,-10.59025643847271,2.0569928753261237
2001-04-20,32.10677848893091,-23.22883408406616,-11.524342606178541,1.2196915769932044
2001-04-21,32.22689943132866,-24.44930812914412,-12.429000931582095,-1.1943502408043032
2001-04-22,31.13103685658794,-25.457608227179417,-12.326135094376486,-1.858027031056612
2001-04-23,30.936134675636577,-24.948220173976882,-12.683056797308502,-2.7073301033963526
2001-04-24,30.869674969336746,-23.36945936733795,-11.508321265722085,-4.141546753757692
2001-04-25,31.79277895851644,-23.511019174251594,-11.506259171707674,-5.438927229578816
2001-04-26,30.505860114828113,-21.500384582154958,-10.765861903055375,-4.034964966592188
2001-04-27,28.120713955985458,-20.811839870444828,-12.173330151130616,-3.4182049164170927
2001-04-28,27.043650179137128,-21.600994166846576,-12.729793704320656,-3.946954620407203
2001-04-29,27.929820404090705,-19.466739775272583,-12.994890387314026,-4.5659314794366015
2001-04-30,27.725737400557193,-19.09393553023988,-12.122330638956962,-3.307517341433619
2001-05-01,25.22304515492585,-19.79347860822413,-12.059515448232965,-4.839170939867302
2001-05-02,26.256754331808523,-18.37193913921451,-13.52589352650124,-4.906279251847214
2001-05-03,26.629139268278077,-19.775709039376405,-12.523793596106735,-5.081635363657388
2001-05-04,26.587992538686276,-20.73748794355761,-12.645591004224945,-3.755055847831413
2001-05-05,24.989863417283374,-20.93021327794946,-12.339247403864121,-4.064671186590268
2001-05-06,25.028272118562036,-19.307766135594655,-13.470444914682284,-3.6508350984543094
2001-05-07,26.994653529426213,-18.390526461255256,-11.735353177568022,-5.3608212363362675
2001-05-08,26.677336619774668,-18.588184854179154,-10.824742712428176,-4.665508945215212
2001-05-09,26.176464089159758,-18.89162397843415,-11.281267476527074,-4.622952279376231
2001-05-10,27.06143834898782,-21.04883115603175,-11.236779716587524,-4.088664631416561
2001-05-11,27.573783318471566,-22.57491278695377,-11.074283539345974,-2.858489694197751
2001-05-12,29.549469299651793,-21.49649014187601,-10.498951340744751,-3.516414931419768
2001-05-13,29.974500529796558,-22.58703109290248,-9.51062059446637,-5.586099050387997
2001-05-14,30.272476311207956,-23.034888004815734,-9.485544234687188,-6.3111639420077035
2001-05-15,31.975087526853628,-23.221882172850133,-9.990282932108437,-5.908939967355018
2001-05-16,30.796124516978228,-24.54078916164428,-9.415146590118281,-6.457543355396608
2001-05-17,30.622879711038316,-24.243598668403706,-9.419861936128756,-6.858460524265527
2001-05-18,31.190627109645824,-23.629330129400287,-9.1715242266621,-7.446688477573757
2001-05-19,28.971683572255298,-23.173949267331803,-9.409717387231288,-7.792411157381877
2001-05-20,28.50546763533075,-25.026032321205992,-9.608765551916816,-7.055870645703673
2001-05-21,29.01291155935532,-25.1480591476196,-8.844791890774808,-6.2421329754398585
2001-05-22,27.603606479889383,-23.45154488671687,-9.078377816122334,-6.282825270962505
2001-05-23,27.54423829449397,-22.599185363041062,-8.894259583563763,-7.455826889417808
2001-05-24,27.088505685501143,-20.69485940608619,-6.944028773516611,-6.320098890258468
2001-05-25,27.841601480313784,-20.698113035199608,-6.649508229003273,-7.945502059851738
2001-05-26,26.834922825308958,-20.928463213452776,-6.7709031438628,-7.068261174746441
2001-05-27,24.69870868183302,-20.69839671042999,-7.587824933400224,-6.438142286038249
2001-05-28,23.536017089380163,-20.19959995425663,-7.010029047547826,-5.815133783503446
2001-05-29,22.407380474312603,-20.06810286522667,-6.000844014031143,-6.122124727525066
2001-05-30,22.109119362868874,-19.817062122486185,-6.294613148153571,-5.904945657338958
2001-05-31,22.226282018558194,-19.320681013038463,-6.844548194650647,-6.57916208497192
2001-06-01,21.900930023694826,-18.681753527576518,-6.677229788523549,-8.304453472085967
2001-06-02,19.29739688578303,-18.98703524148577,-6.067313947907698,-8.786508776545782
2001-06-03,19.40593695831593,-20.068647636589468,-6.898270793019925,-7.973898674770455
2001-06-04,18.56878301503324,-22.155741638035185,-7.242504990841088,-7.2254854753063125
2001-06-05,18.48903737904465,-22.950448456949243,-7.616173167414754,-8.34663128535295
2001-06-06,17.76808809395929,-21.339715117134684,-7.024047899004546,-8.530160765935166
2001-06-07,17.965904307440518,-22.505896216740922,-6.657209382772664,-8.37493773906274
2001-06-08,16.641816257810657,-23.009827309789337,-5.457022971339581,-9.843207155506104
2001-06-09,17.801027060333055,-23.892906614715223,-6.6857485169746145,-8.555704346563187
2001-06-10,17.663527142173976,-22.827548151809175,-7.036141671059862,-9.100191686465527
2001-06-11,19.89690139495996,-22.871492778396934,-8.725798950113743,-9.3376543241478
2001-06-12,19.043032155168262,-25.09042006137636,-9.069420565424483,-9.362566347176587
2001-06-13,20.59726835706593,-25.777226218387916,-10.558722000902355,-9.276181208421729
2001-06-14,20.171677183365524,-25.85570355078639,-10.078015937729681,-9.170177446970737
2001-06-15,19.340839436242533,-25.73057317954631,-10.027580961383412,-7.0626744252764215
2001-06-16,20.420791214318047,-25.52847091628749,-11.563825833619505,-7.443033358517353
2001-06-17,22.493649093140053,-23.837905457057346,-12.302619748580984,-7.622665752671099
2001-06-18,21.585844348329815,-22.06399345293125,-13.088164141201613,-7.727684848288223
2001-06-19,22.766910072377964,-22.09330743114589,-14.572033429266142,-7.8077604260423605
2001-06-20,22.591736451606753,-22.244753719651737,-14.292427287799413,-6.974680158677849
2001-06-21,23.05372388035004,-22.14547230757599,-15.334432989643394,-8.0711257397654
2001-06-22,24.079370848115136,-22.364898904318427,-14.42391661868237,-7.195548982202452
2001-06-23,22.722056836870138,-21.72356676145412,-15.059410961517157,-7.837949040116091
2001-06-24,23.57173678670031,-22.902121177318442,-14.414786882417133,-7.869831031964507
2001-06-25,23.137014753254242,-21.48191887624736,-13.065323557811737,-6.13909068880208
2001-06-26,23.717317098574703,-23.312121945391674,-13.424605977075846,-5.924332836639544
2001-06-27,24.99185192829807,-21.513442933337245,-14.814617950197741,-4.639049212095051
2001-06-28,25.067044769053368,-22.550370887617476,-14.779893134399762,-4.922031407692801
2001-06-29,24.808168585380123,-21.22692360442404,-13.997024833151546,-4.048043050032238
2001-06-30,27.327715841999268,-21.905745343581152,-14.07218064445789,-5.4728176927653305
2001-07-01,27.253973666996824,-21.012898334196823,-13.933524754704452,-5.130330824404252
2001-07-02,26.699222927076747,-19.549039449599558,-14.639546490048597,-5.543557417794142
2001-07-03,25.816580603503716,-19.220644260197705,-14.416337872772084,-5.446043853328154
2001-07-04,25.3175341745249,-18.62681656313012,-13.685337108424525,-6.259845872103049
2001-07-05,27.243435268258285,-19.304000112174812,-11.511234690788754,-6.419670599238898
2001-07-06,27.105997155916196,-20.158449607994854,-11.444380433682797,-4.2803210441485495
2001-07-07,28.068408995429483,-20.217170561378282,-9.037501180541994,-4.138225135667814
2001-07-08,27.39630149865527,-19.9771450538087,-9.54963726591643,-6.834450345958473
2001-07-09,28.157434897499467,-20.237669219859566,-10.04285475732894,-7.082706866286765
2001-07-10,27.305173708953166,-20.496998536581582,-9.70779404704063,-6.612275959650414
2001-07-11,28.85243691319685,-21.05310022531719,-9.836609439079009,-7.089997765051418
2001-07-12,27.97039584845648,-21.455911739929224,-10.213835765342367,-6.615199196037609
2001-07-13,28.38351847688135,-22.080272898182436,-10.727372569994557,-5.648616230087019
2001-07-14,27.93465267678245,-22.54703452192465,-10.525938374100184,-5.871575208774482
2001-07-15,26.57848210024916,-22.335492994020793,-10.368546779952204,-5.169338595404572
2001-07-16,25.62074895242864,-21.99272619437237,-11.283256618524268,-5.736501302507618
2001-07-17,24.562171043763225,-21.52552284761956,-12.56797451533492,-5.682587950356584
2001-07-18,26.311222241946925,-22.811876360632855,-13.040477993076435,-5.04935614837609
2001-07-19,28.026794074356147,-22.57957106524293,-13.94093626265978,-6.375581388925782
2001-07-20,27.159290909776388,-22.816848230099335,-16.260334964870754,-4.022880961712768
2001-07-21,28.854886032593008,-23.596559021301722,-16.0316486615767,-2.7820068707204335
2001-07-22,28.450757512699372,-23.480980253659723,-16.35197022305516,-2.101268568133972
2001-07-23,28.75563666528975,-24.03832366694576,-17.160683711194412,-3.848619603245164
2001-07-24,28.84227330082152,-24.3454605963373,-17.23777619575168,-3.7127802642749383
2001-07-25,28.400933052673118,-25.06364992582657,-18.458951912107405,-5.045170983505478
2001-07-26,28.253223642227663,-25.988170088669833,-19.623116761027127,-5.6702109507736
2001-07-27,27.941827631969595,-26.573141666175317,-19.08357176139908,-6.454321981436603
2001-07-28,28.795855119408554,-27.76031065129112,-18.472009836900853,-7.317394292812721
2001-07-29,29.406334915317295,-29.208003234386148,-17.823578556562488,-7.883589878041355
2001-07-30,30.319636808466047,-30.881056362119622,-17.72135545873603,-8.124627396386039
2001-07-31,30.42406157365506,-31.37654403176366,-16.51247944139862,-8.505499959206116
2001-08-01,31.646471932439557,-31.48694016853362,-15.379560789021584,-8.77293554893257
2001-08-02,31.487085847989515,-29.355211021578405,-15.770926242433308,-10.25676203665979
2001-08-03,31.719635437200715,-28.49477923112767,-15.61175186572491,-10.855244820680625
2001-08-04,32.96118491856299,-27.573002700969685,-16.127649333341367,-9.366769730026167
2001-08-05,33.50393272724016,-27.079194363602568,-16.806815628538498,-8.823879991079059
2001-08-06,31.787516742189197,-26.533532002101694,-17.60628074487506,-9.431256664939685
2001-08-07,32.055996416531045,-26.530102411020557,-16.121858610473048,-9.193227611764863
2001-08-08,30.724054331866643,-28.470930297471195,-17.073230361087084,-8.645042386046518
2001-08-09,30.624847039026246,-28.44468187038167,-16.74873344674641,-8.510072762178707
2001-08-10,29.798244244930757,-27.81052914163109,-17.143654007714034,-8.377566494531676
2001-08-11,29.732556889669404,-27.41161673860873,-17.239775911545458,-7.724172763785285
2001-08-12,29.565768464531192,-26.72390432859819,-19.019020099826008,-9.4886187790527
2001-08-13,29.563186245576144,-25.485242366303613,-17.63110510854328,-10.321415182223932
2001-08-14,28.97383360187638,-26.483053811336823,-17.8386730521141,-11.778143466979412
2001-08-15,28.51269695101989,-27.173727603987707,-17.126727923671208,-12.204426854077212
2001-08-16,29.73973101483642,-26.84620784240963,-14.465361863268827,-12.454397712260258
2001-08-17,29.715286034800844,-27.76317380872197,-15.517863319499721,-11.980239247242334
2001-08-18,29.25534940228844,-28.029395962255364,-14.870393716502077,-13.158667730426927
2001-08-19,31.13146729254651,-28.059233952459472,-14.566415538752766,-14.129445541354903
2001-08-20,31.832443071055504,-26.947472279601467,-15.377269483158921,-15.920019891774801
2001-08-21,31.988426346820845,-27.190062068617554,-16.61548984403793,-16.488671279190516
2001-08-22,32.03754171926367,-28.703094911832732,-15.383622719414044,-16.312975861059368
2001-08-23,33.80380711578242,-28.137485322787985,-15.485512915495478,-16.56236876621351
2001-08-24,33.464330113185355,-28.43014472190601,-16.12360611732921,-17.11907859215206
2001-08-25,33.35112827583138,-29.324145895822564,-15.711532299187578,-16.00694492889628
2001-08-26,32.70309349821207,-28.399282648722306,-16.2184734092054,-16.778682802968003
2001-08-27,33.41867105100658,-30.164280324607883,-16.658212383058842,-16.946715921484017
2001-08-28,32.689033445721925,-29.46974946181523,-15.1769328219401,-16.376310521769906
2001-08-29,33.704383626730646,-30.633215022934124,-14.810534614419547,-16.368305979083285
2001-08-30,34.40620173499684,-30.574347193052215,-16.04353274585472,-15.507578981560394
2001-08-31,34.5746605917809,-31.682391629107098,-17.146776515073274,-16.620726579359864
2001-09-01,34.314446023160826,-30.807983863544887,-18.144069738746964,-17.3174145428683
2001-09-02,34.09436574524425,-28.756561270955714,-18.518939651060265,-17.103183821984267
2001-09-03,33.01170510206508,-29.117494968300218,-19.4923925932836,-17.181949821278558
2001-09-04,34.146850177684506,-28.158751195236647,-20.064196523243407,-17.30744653001717
2001-09-05,35.85437246047025,-28.144833575567908,-22.336640950871825,-17.73722556488966
2001-09-06,35.77290092578563,-28.441734048416237,-22.20246827504616,-17.3756440470423
2001-09-07,34.84857554357978,-27.206976440300085,-23.347801966199185,-17.533827300619738
2001-09-08,34.31416721651347,-26.722523330283476,-23.459188035035737,-16.767358806306067
2001-09-09,35.03162079554401,-25.92913134021776,-24.889866101828183,-17.171937101903545
2001-09-10,35.385271305972275,-26.24779725165655,-25.78296342375942,-16.60432323463436
2001-09-11,34.69224583166858,-25.362577931371668,-25.924202242757385,-17.189406066150326
2001-09-12,35.426560392397036,-26.57019356611099,-26.44345067059338,-16.51955699060407
2001-09-13,34.2889781979635,-26.52616905264784,-26.22940074255704,-15.103196562180667
2001-09-14,36.88673889876437,-26.213387622395718,-27.145998778936335,-14.489373712491677
2001-09-15,37.43548117614972,-25.282981804320322,-25.527823577235974,-14.094240364321099
2001-09-16,36.26321412564172,-25.580556650275774,-25.094512889067065,-15.47349279430284
2001-09-17,37.86662841654804,-24.679830061708756,-25.912164950078388,-15.773054581099444
2001-09-18,38.81683643353686,-25.49040716568624,-26.002742534788986,-16.192171352921918
2001-09-19,38.62822083664686,-26.39956918401376,-26.43356348503604,-15.331888910256442
2001-09-20,38.470105872558314,-27.3264430411216,-27.815457256435163,-15.443767215322598
2001-09-21,36.336578650439506,-27.258520360845438,-28.613984617348308,-16.796953683846716
2001-09-22,36.85135134056421,-28.46003474170724,-29.21505997853986,-16.35745706807803
2001-09-23,36.131719719720216,-28.40799936917695,-28.538131092192838,-16.359042340668267
2001-09-24,35.66770750540239,-29.971958114833008,-30.048985555465315,-15.948856105830801
2001-09-25,36.98466348894605,-30.721007676155285,-29.880565471008243,-17.069007247469266
2001-09-26,37.873208594252425,-30.902655622763724,-31.017614579761286,-16.298896556441708
2001-09-27,38.62907182420795,-28.747818393445044,-28.532782288465103,-16.85750890252242
2001-09-28,39.457494142699574,-27.500204800712236,-30.088088346323275,-16.081755687802012
2001-09-29,40.44155104145887,-26.90693748105342,-30.660963132230584,-17.771838457684755
2001-09-30,40.48856613404475,-26.882653335072323,-30.255308697080025,-15.652634226615294
2001-10-01,41.4639458539684,-27.551079821383965,-29.732065674627325,-14.997344616661266
2001-10-02,41.46690662741913,-28.22419351819178,-30.246770603739918,-13.447785699444768
2001-10-03,41.78061359091213,-30.27959668202102,-30.49438119057916,-15.693158413558987
2001-10-04,42.19931629762316,-29.82849035760904,-29.08791061012411,-15.686164071938036
2001-10-05,41.189309795544894,-30.76074858879684,-28.005231025496382,-16.545559459629796
2001-10-06,39.669793230892886,-29.960860419760753,-29.365107178725697,-19.611940417269853
2001-10-07,40.302259088734864,-28.632514684441958,-30.275003418018695,-19.823293393780098
2001-10-08,40.515993745743536,-29.949836274311597,-29.388043238589663,-21.395884060539668
2001-10-09,41.24258793728413,-28.978028412529984,-32.187768782362795,-21.981602167338245
2001-10-10,40.21490380505105,-28.93155980358364,-32.63021097670009,-21.45730968124261
2001-10-11,41.503819902999034,-26.730811911850285,-33.926175760611244,-20.833101679126386
2001-10-12,42.46828743937899,-27.66913205124472,-34.87788774940934,-19.06983360939165
2001-10-13,41.778406467301345,-28.072744998883234,-35.66212638508612,-19.53444571824028
2001-10-14,41.526298186821705,-26.269628337330474,-35.3913141759077,-18.97659166503234
2001-10-15,41.27256211525549,-25.178572235649874,-33.65345041607096,-17.15178232391939
2001-10-16,42.25551283865104,-26.494265080289107,-33.22722103536951,-17.970381200239522
2001-10-17,42.778894170188615,-26.60423713464129,-32.92892253845568,-17.170058566016607
2001-10-18,41.77491774151607,-26.852602178145712,-31.857043583675875,-17.158432247643756
2001-10-19,41.84398309207045,-25.95102310591943,-34.169638105873155,-15.2200809324505
2001-10-20,44.017432338740214,-25.712810103944626,-31.573915484570296,-15.809874635028873
2001-10-21,44.51656980411495,-24.866202004099737,-33.264658845605794,-16.74090663346953
2001-10-22,44.522705084348004,-26.078818974210574,-32.002161344994114,-17.31745172035602
2001-10-23,42.74985929771845,-25.20253265849098,-33.490208184834735,-18.06601926558922
2001-10-24,44.15745415533872,-27.19849527941267,-33.732705547422576,-18.901684240004055
2001-10-25,44.11517917914216,-26.570474791250554,-34.924104340516976,-19.11436898868114
2001-10-26,43.959626195125225,-25.419412223763782,-36.07639983782779,-18.40489903796797
2001-10-27,44.253290508149874,-25.0531394756638,-35.14759810610217,-17.376645467333248
2001-10-28,45.810348439283445,-26.0590674926947,-34.220175527778544,-17.324829929059135
2001-10-29,47.6482266501428,-25.47162709718961,-34.09021244361728,-17.46339392562376
2001-10-30,47.52913900947764,-24.470030918617205,-33.77389419791793,-17.567876700981007
2001-10-31,46.570401050159354,-24.777456281182733,-34.02773271170073,-16.478255547110244
2001-11-01,46.513021625072135,-25.323853698298752,-33.12832837797782,-17.403049188197105
2001-11-02,45.717737194239895,-24.786408078141726,-33.58198190785131,-16.935568473901903
2001-11-03,46.342070226882306,-26.38842674079245,-32.55233675943686,-15.848190120786242
2001-11-04,45.96726168665142,-26.56646818367001,-31.979559506423698,-16.356294549443124
2001-11-05,46.600910326382525,-26.202583004108035,-33.599144140597126,-16.40957753767546
2001-11-06,46.04278599626978,-25.712992139577413,-33.430152042600426,-17.27611137975248
2001-11-07,45.59955084393707,-26.564650477998853,-34.058789030273296,-16.837597117712612
2001-11-08,47.69989134124103,-25.367367139640947,-34.03688498922243,-17.82546308188585
2001-11-09,46.88560809157184,-25.026592318830115,-34.33968114414133,-16.49875185594516
2001-11-10,45.69883212924809,-24.402770192928273,-33.30919472672919,-17.111129273058452
2001-11-11,45.54442886608944,-23.503021791014074,-30.846633559048616,-15.416649223689433
2001-11-12,45.78968289948991,-22.525894361502704,-31.545341264844843,-15.14036973074115
2001-11-13,45.60584892920813,-23.25685750585838,-29.36270525191496,-15.65835050901178
2001-11-14,44.70442454441338,-22.450325753871716,-29.12899680150623,-13.8104477853273
2001-11-15,44.126331018735506,-23.079853311433716,-28.973778502018032,-13.533495073104485
2001-11-16,44.15959768574131,-23.40834569821094,-30.35588562479725,-14.010080888554928
2001-11-17,43.178036977051306,-24.52736618211287,-29.94440489484212,-14.50818746550744
2001-11-18,43.61016262477994,-23.873682149580155,-29.10301523107018,-16.12702318480702
2001-11-19,44.029767536254674,-24.60172630705085,-30.307824277953827,-15.997422626451476
2001-11-20,43.77439796307551,-26.14321717281056,-30.633005565430313,-15.190522668798678
2001-11-21,44.55367793808777,-24.684023682976942,-29.505394351236617,-14.1126291894609
2001-11-22,42.88835144373222,-23.446793723032446,-31.14502951227698,-13.648618786665967
2001-11-23,44.56346744039025,-24.91492944039642,-31.520533131287255,-12.824371038788325
2001-11-24,43.58727420214171,-24.574709491979597,-31.767254879718525,-13.412010517576226
2001-11-25,43.18360170701968,-24.74786999203236,-32.5731907397617,-13.938869657318252
2001-11-26,42.745021091719344,-26.243181586978086,-31.694376953710634,-13.294231432860862
2001-11-27,42.53056352668722,-26.529849483381945,-30.705049771284344,-14.776529863407795
2001-11-28,43.12817308905277,-23.98583136658835,-29.5225407220406,-15.374132780458304
2001-11-29,41.36667386699085,-23.16201697902869,-28.969139901104136,-15.395968701837782
2001-11-30,42.90770402670069,-23.557384970058948,-29.285792671325595,-14.922340920361863
2001-12-01,42.614683364288915,-23.020716309636168,-30.681808663111603,-14.994669921802489
2001-12-02,41.693918411356584,-22.731006295097707,-29.707201980200665,-13.088872388062665
2001-12-03,40.61357535010853,-22.101153309616762,-29.26498510723858,-12.497744074262174
2001-12-04,41.311575510868686,-22.809356092380852,-29.414228205680534,-12.464301740060316
2001-12-05,41.078267833470576,-22.51221029638952,-29.14764963784715,-12.793369195422404
2001-12-06,40.67596584603878,-20.89743445478515,-30.106403164543654,-14.040792244276501
2001-12-07,40.29917237269924,-22.1627208722354,-29.927472071294247,-12.519301621087529
2001-12-08,41.25617165522136,-21.565849606783363,-30.82811435722288,-12.612870145802347
2001-12-09,41.54179513374047,-21.705533782444707,-31.01952954294727,-14.19449248147708
2001-12-10,41.81551344993482,-22.49518959577232,-29.946477529716393,-12.834352386253988
2001-12-11,43.38492390197689,-23.727448212154563,-28.715915365404506,-12.30498230628892
2001-12-12,42.565221251167664,-25.616754764564586,-29.096882751491574,-12.946996342849246
2001-12-13,42.780227489648695,-25.600037453116016,-30.3639066921435,-13.604895292264134
2001-12-14,42.5783905715509,-27.087056911764464,-31.145220455826024,-12.833916888659974
2001-12-15,41.89842415207359,-27.595420330831356,-30.848536458712736,-12.516808559840683
2001-12-16,42.19093552031964,-28.38020724829672,-31.34239237576733,-11.360636973974163
2001-12-17,43.42367953619946,-29.530040380225802,-29.490678364611668,-9.504406131361476
2001-12-18,44.28728836406261,-29.376672874200537,-29.61408747083837,-7.134022454313218
2001-12-19,45.1659454463192,-30.210923974113292,-30.02014459001336,-7.564140301025235
2001-12-20,43.723378634074095,-28.549553301062307,-30.62582359813514,-5.016140950642706
2001-12-21,44.16090508347833,-27.88633098146027,-28.71956441890502,-6.169390801898777
2001-12-22,44.33718324866319,-27.453728518720503,-29.674191548365794,-5.842845369168556
2001-12-23,42.626931734549615,-26.823797022461587,-27.05243014273061,-5.409579792838783
2001-12-24,43.19482518487891,-25.717728156562593,-26.1021092194793,-4.366720377863874
2001-12-25,44.45824113078064,-24.898859857654376,-27.610258034966016,-2.636270637715354
2001-12-26,43.551128123910765,-23.725627887944725,-28.04921726106511,-3.3988467832035907
2001-12-27,44.51367790523029,-22.338985785836652,-26.854247320316052,-3.7649186985539145
2001-12-28,45.648884614356675,-19.895537379914938,-26.29289164020127,-4.783896372605228
2001-12-29,44.64021669859422,-21.342634099393234,-26.44045844397501,-4.582026704331443
2001-12-30,43.72993360650305,-20.892260203872713,-26.525983752779613,-4.2720357584168
2001-12-31,44.38496770526518,-22.143603148499764,-25.358669378246383,-3.73935794691129
2002-01-01,45.58148350327195,-22.444534077476373,-26.482627315109575,-4.432106109706739
2002-01-02,45.31450462504688,-22.90183965798543,-25.269939374691152,-3.8857968144826467
2002-01-03,45.72460425763732,-22.231834999491422,-26.764004828286392,-5.284259146492298
2002-01-04,45.20807097633371,-22.73760144439358,-25.26154814384773,-6.926628071305453
2002-01-05,42.98382734335709,-22.75505370351619,-25.725739282498445,-4.8493297617472955
2002-01-06,43.04964501845953,-22.17036980321302,-27.390558415903435,-5.120507810208967
2002-01-07,42.553742181870724,-21.377436597299457,-26.196475888028807,-6.197565539815906
2002-01-08,43.57119079476378,-19.382529938526186,-26.224931377965998,-7.157461813165947
2002-01-09,42.94807098890645,-20.273673060167013,-25.514675937575163,-8.398620072275044
2002-01-10,43.14432675861353,-21.902896554522727,-24.265236942760023,-7.408195565274798
2002-01-11,43.05220345335967,-21.720413032174893,-25.154341275070465,-7.136069057765034
2002-01-12,42.10202737875836,-20.40945036136981,-24.626527769397867,-9.493370038782672
2002-01-13,42.495696551724826,-20.586258542261806,-25.282670037273512,-9.687855818213455
2002-01-14,41.90526169693059,-18.04867217316256,-23.44674976318588,-10.195728574002747
2002-01-15,43.233641518166955,-19.748217801967773,-23.175951950980878,-9.176581926659827
2002-01-16,41.59447138540828,-19.639724495067753,-23.906089405353985,-8.706522454220453
2002-01-17,39.62061639922039,-19.12634049683999,-23.403065154507555,-8.534994556051094
2002-01-18,39.629162861841166,-18.462812828544745,-22.42959923362078,-8.824956903385582
2002-01-19,39.69401812096146,-18.873951592880932,-25.205095747802282,-7.353585810795039
2002-01-20,38.100195177492836,-18.506060422382085,-23.233884976606742,-8.278625183618505
2002-01-21,35.467070380389096,-19.386804854105034,-24.299817516585815,-9.577055056996931
2002-01-22,35.15838239412811,-19.35933249372665,-23.97300138819415,-11.267742336550736
2002-01-23,35.4200736588639,-19.096878047447813,-24.371592276896923,-9.317626905379836
2002-01-24,34.82109777070827,-17.959954105273567,-24.346283116882603,-8.87510846046973
2002-01-25,34.7920810347151,-18.73189612922748,-24.939813880510002,-10.211911734184676
2002-01-26,34.87181268228138,-18.88100740706649,-24.80192566605309,-8.827800102767355
2002-01-27,35.115349558765466,-17.678984505316098,-23.75365964213086,-8.766309068120174
2002-01-28,35.63634804629236,-17.807953805524015,-23.309502966222578,-8.349487752317634
2002-01-29,35.374215119390506,-19.103305861769375,-24.53963021698086,-7.3141884303100895
2002-01-30,35.403766733174926,-18.574961036979644,-25.04306746403072,-8.090605040100177
2002-01-31,34.55948735192637,-19.188070037207254,-25.46264227087585,-8.30770408450408
2002-02-01,33.84212373480425,-21.00587556481797,-25.295476088222983,-8.895233421739867
2002-02-02,32.96042315437314,-22.571435544310564,-23.976468140276406,-9.62000311345918
2002-02-03,30.99571177075217,-22.8681448326749,-24.452957860518936,-8.541187473173313
2002-02-04,31.52487563889588,-21.642889881355117,-24.73176009548393,-8.485442374644496
2002-02-05,31.296602423980477,-23.403195843197494,-26.400774097658804,-7.537880873196073
2002-02-06,31.805952025922462,-24.824548193187944,-25.485705027947866,-7.407599317820051
2002-02-07,31.504538605051852,-26.45469077070184,-26.204427221429125,-6.228369653859648
2002-02-08,31.04748514969775,-24.78401993374621,-25.85880979760721,-6.4510849391603555
2002-02-09,31.2286396397265,-26.454293658741182,-25.401421999771806,-7.0639758285016345
2002-02-10,31.840490498529903,-27.365925018481953,-23.90283710433227,-6.309835105062071
2002-02-11,33.55819819743227,-27.30208122947858,-21.171552707830784,-4.79815687177167
2002-02-12,33.5454662220363,-28.096146386085678,-20.78435981144828,-4.6656520615917465
2002-02-13,33.47331939852453,-29.327082270658835,-21.473454086033986,-3.1543041293033136
2002-02-14,33.250719116447286,-27.775268671468588,-21.40526326418922,-2.792773159643985
2002-02-15,31.07391703937997,-27.645163725515435,-21.975902488801847,-2.9260137839423352
2002-02-16,32.295200158916174,-28.386137452561655,-18.973637680380882,-3.0448934898243802
2002-02-17,31.646727387754694,-29.940490546480046,-17.470740215672826,-3.671088443013889
2002-02-18,28.266360770888422,-30.481734291345735,-19.176870808996544,-2.178975163866678
2002-02-19,27.68591829791846,-30.058661083576173,-19.61807069057934,-1.3507526059094048
2002-02-20,28.58268902739924,-30.688982950278668,-19.908108196686225,0.18144027181165368
2002-02-21,28.01284363646468,-28.94647795897227,-19.346065852285385,-1.4485945614513136
2002-02-22,26.553384606111173,-28.97314993871972,-18.98500031243724,-2.424939645974728
2002-02-23,26.127785015207678,-26.269924633905426,-18.56167208423697,-1.9849622611354762
2002-02-24,25.4417638355111,-25.284363589497197,-17.65298449320756,-2.152792885281869
2002-02-25,24.66633334196564,-23.854415096212108,-17.461871591739502,-2.9933345042444053
2002-02-26,23.644030244518916,-23.886001208752326,-17.97012922841257,-4.545927553840138
2002-02-27,25.311766274538265,-24.79425140417157,-18.196542877025337,-4.786783025572104
2002-02-28,26.299459565423547,-25.616939120866917,-17.84368895741664,-6.810773785296167
2002-03-01,25.360834445649242,-26.542587130296127,-18.91641117286863,-4.316538102493597
2002-03-02,26.090663603487545,-25.523631685606105,-18.844217165772132,-2.5956784844670446
2002-03-03,26.208205717797465,-26.78383566740217,-18.411936208396188,-2.3008508446729765
2002-03-04,27.541594306203724,-26.655756299755918,-17.892430897881773,-2.9000082501747517
2002-03-05,26.382233537222557,-26.131291910417357,-16.975948191987694,-2.1938300729772844
2002-03-06,26.983300215041673,-25.142069345209777,-16.82649483472137,-0.6661348876405557
2002-03-07,28.070239924784257,-27.089744625353305,-16.627284742563997,1.0822176212102763
2002-03-08,29.864233112246286,-25.70318950492458,-16.85855898230017,1.3925575549543716
2002-03-09,29.360599819026515,-27.259615653898614,-17.444766707584385,1.509685075924985
2002-03-10,28.98787130005424,-28.28827442043875,-17.63864789383066,1.436293607929483
2002-03-11,28.21521688279072,-28.158560257540206,-20.174696232912186,-0.520439005439528
2002-03-12,27.674934788421535,-28.624267874032544,-19.91217893748894,0.7205914147893819
2002-03-13,28.649240891843533,-27.637176462300282,-18.022797404133417,0.40583235667554796
2002-03-14,29.000768919683605,-29.32997668582185,-17.38683456618471,0.4155626448561258
2002-03-15,30.593770117754197,-27.759689643162826,-18.300595016480447,0.8609135233017062
2002-03-16,29.248057285140938,-26.21056197684478,-18.780481541984162,0.20811074072397528
2002-03-17,27.503318595198483,-25.6609571643229,-18.26526190135574,-2.2555639138020203
2002-03-18,25.820927087746455,-27.30411579881798,-17.875950907425356,-1.6071474252161666
2002-03-19,25.75280678825371,-27.78431206900709,-15.956179980545302,-1.1453802153707247
2002-03-20,26.879152470461655,-28.648096987000585,-14.766033581952984,-0.6887657924596544
2002-03-21,25.340121410603874,-29.45946909697524,-15.03508185515914,-1.2416169249683817
2002-03-22,23.995085987414136,-27.107329684216097,-14.456799145479108,0.6664572783252025
2002-03-23,23.539802192712976,-26.302251275532715,-15.484023492036263,0.16354582172214593
2002-03-24,23.60836687761448,-25.97345935168586,-16.452803807900995,-2.068468928071437
2002-03-25,23.487508998727122,-25.06823582553811,-17.776639694541792,-2.7101632698030036
2002-03-26,22.93830952212886,-25.5039622746161,-18.700400122951137,-1.7418166568654323
2002-03-27,21.223754117899407,-25.182901495186492,-21.341706575286814,-1.686662574068631
2002-03-28,21.081981092267657,-26.76822310648996,-21.058211189621492,-0.05516697448759955
2002-03-29,20.833906380582228,-24.800469697171774,-20.753406721462344,0.055921789071098335
2002-03-30,22.248240916570865,-24.28785553302872,-20.015705174286968,0.24217807269115765
2002-03-31,21.787913575661523,-22.44229145824155,-20.55486177579045,1.092479518087762
2002-04-01,20.474459679091666,-21.962838083052162,-20.523598194387787,0.8969505256140498
2002-04-02,19.911387566928042,-21.99528005883472,-20.429007846134272,0.890876090703083
2002-04-03,19.090744710405627,-21.598647166390375,-19.55425270054334,-0.4090517469091912
2002-04-04,19.416593570713083,-21.020631781229767,-20.291209663667832,0.09739386782213844
2002-04-05,20.65801553073288,-20.55769250372471,-20.016753134601064,-1.3849636240889973
2002-04-06,21.22537208363987,-21.094531381134598,-20.428933078953275,-0.2695259146649971
2002-04-07,21.147564805222018,-20.700092082709233,-21.938312085290395,-0.2538168254995506
2002-04-08,20.7058069368265,-21.47240278776371,-21.024800645781276,-0.6945730558612143
2002-04-09,18.586634887194688,-19.51515356169181,-21.31677030181793,-0.11700345704947113
2002-04-10,19.545027809112156,-20.42767728861178,-21.895283949105806,-0.9635700001653071
2002-04-11,20.633616043677907,-19.634916916275177,-22.24374833337834,-0.4909647274512723
2002-04-12,20.21603523796836,-17.698902832233742,-22.252282663344573,-0.4401990807503124
2002-04-13,19.921166142241564,-17.99727207251168,-21.77476888444764,-0.7135564079576865
2002-04-14,18.81680505540691,-17.573517930223506,-22.422473171296616,0.16520789432628213
2002-04-15,18.0002531623219,-16.86826029637135,-22.03791744119156,1.257843538629698
2002-04-16,18.034288361171754,-16.510246476289705,-22.023032846272535,1.3508619613356887
2002-04-17,17.47523432808087,-17.128255128943433,-22.575132782224436,1.4933332186142496
2002-04-18,18.060970277190698,-15.653385184472274,-22.46254634217155,0.2871939023830412
2002-04-19,17.170224700926152,-15.816971476380743,-23.796361805192884,1.2263091562858548
2002-04-20,18.08714894997009,-14.159840493521997,-23.11866136296375,1.2296075512539015
2002-04-21,18.111304274359725,-12.414462245805563,-21.52319739907997,-0.1978289632179855
2002-04-22,16.884123169399025,-13.426457068745133,-21.345864104941104,-0.96829566901212
2002-04-23,16.087842049670932,-12.939668015323825,-21.258124203769654,-0.4825811456870907
2002-04-24,14.921992789078324,-12.879646036566063,-21.831670581026966,-2.6500604073016
2002-04-25,15.021589195500574,-13.183901957485304,-21.632726718586575,-2.6259890489054247
2002-04-26,14.716497621642556,-12.008981047653428,-21.841507008960257,-2.6399378697406157
2002-04-27,15.00051555107707,-11.828532250231062,-22.695786405527528,-2.696946485034288
2002-04-28,15.725516876815629,-12.729619629970127,-22.219578954106282,-2.8016591733117138
2002-04-29,15.721333020541586,-12.567342243829474,-21.053632643475986,-3.732977499257694
2002-04-30,16.214708335722996,-10.939819371853309,-20.633451659285395,-5.092686945406419
2002-05-01,16.241369285158797,-13.678594043233034,-19.11241401324057,-5.5308668473695155
2002-05-02,16.505169417320108,-14.387549693262251,-19.290820528348235,-5.251386737075378
2002-05-03,15.737066866542209,-15.803921774745259,-18.694297084524546,-4.3487277871191665
2002-05-04,15.086474645399846,-16.703567429931386,-19.65558036987584,-4.870477269900821
2002-05-05,14.051707751116869,-17.707234936978946,-21.385105726887904,-6.366913815688793
2002-05-06,15.626554616214188,-15.639608284279635,-21.88822619283338,-6.00648748267189
2002-05-07,15.922709597324312,-14.596417938280075,-22.00698185197347,-7.398599147042727
2002-05-08,17.002858573705034,-15.622068141607688,-23.996028953745864,-8.309918499855595
2002-05-09,16.49337305680646,-14.947301432950232,-23.9092505512468,-9.871754660310145
2002-05-10,17.405649522417182,-14.76218100119531,-23.605583902503575,-11.387750072031944
2002-05-11,16.39201003484356,-13.180972696649293,-24.079198747042966,-11.009681103075064
2002-05-12,17.659440501994997,-12.98400358400264,-22.860677137484778,-11.630725623750282
2002-05-13,16.677302247611976,-10.837119383342966,-24.83871747595913,-8.560960972575096
2002-05-14,17.928123504604052,-10.684545929898292,-23.46438564558225,-9.979279253691363
2002-05-15,18.05926172403109,-11.190291190426775,-24.283283852575067,-9.324928327526937
2002-05-16,18.257633407039197,-9.664729357370941,-25.544583085909412,-10.610158492915431
2002-05-17,18.512657153531904,-9.886160708707177,-23.612486401754452,-9.260426200950237
2002-05-18,17.272699146723205,-7.845073288538096,-24.174684008994873,-9.683671114627066
2002-05-19,18.764795730053365,-7.884021666667837,-25.506775862913727,-10.345316753414172
2002-05-20,19.274966269107697,-6.546434187845957,-26.954043687677924,-9.240477059216108
2002-05-21,18.81598207713611,-7.638123285593844,-26.276121227079457,-8.725685112158352
2002-05-22,19.26851268025102,-9.182492505720148,-27.136404623158825,-9.184430547753138
2002-05-23,19.607339364152956,-8.185880208719627,-27.310994867879028,-7.926368710689186
2002-05-24,19.6274217181881,-7.113674902014267,-26.533921952870415,-10.132842938360415
2002-05-25,21.25432069504939,-8.51492228573673,-28.275323581466836,-11.00649467765422
2002-05-26,20.591695292381747,-8.082507443238969,-28.59026104168501,-11.415691601420813
2002-05-27,22.150219244689158,-8.906813419028735,-27.96682755251815,-12.198456697550357
2002-05-28,20.660967293965776,-7.6054355009594925,-27.56376826149529,-11.000169300216092
2002-05-29,20.881887008910756,-7.5546330948527824,-25.810605909319428,-10.410063162827912
2002-05-30,21.568746694816603,-7.346289473118055,-28.704715993260546,-11.400468446096475
2002-05-31,22.984147341332505,-7.893639723182371,-28.94116585194907,-13.032403635554271
2002-06-01,23.546311560482366,-7.494361395373012,-28.180891336472943,-12.08938384690079
2002-06-02,23.328206122946916,-6.906976700178923,-29.40168423822582,-11.468201574999132
2002-06-03,23.00786271419866,-6.266125668493785,-30.041795841851886,-10.807912393874417
2002-06-04,24.458858232914455,-5.751089919863253,-30.78124290527983,-10.60632949141129
2002-06-05,22.197520661177304,-4.427557848829467,-30.503007087255117,-9.648301494587313
2002-06-06,21.057031661825356,-4.0043696781642515,-30.64559289148164,-7.381408220111011
2002-06-07,20.472843829762308,-5.217726931231089,-31.660651375551595,-7.5566666729215255
2002-06-08,20.246602393890704,-5.506881047347223,-32.96243597819341,-7.713787978761443
2002-06-09,18.71874621356223,-6.106688401500598,-32.5529920517609,-8.614200927576919
2002-06-10,19.230464256591294,-5.732843770179743,-34.14941394858339,-9.33753542303027
2002-06-11,18.461245973653575,-3.515363692494785,-35.187453773898376,-10.03923289380183
2002-06-12,19.173862625029,-2.211451584369278,-32.64767832707445,-8.862484161661454
2002-06-13,19.68309058930256,-3.7347679772828513,-32.33861180522577,-9.419262719515027
2002-06-14,19.608187875724784,-4.1613920583956405,-31.367815594876497,-10.281595673565555
2002-06-15,21.255757570990724,-5.449410394559136,-32.29415580780526,-10.62274244471461
2002-06-16,21.82886494790192,-5.252588380867603,-30.9073394236399,-10.505317535881627
2002-06-17,21.41369511674822,-5.956455981656849,-30.289741931386054,-9.21191547538505
2002-06-18,20.53582304899331,-6.085757536306448,-28.724135863637187,-9.10682067512158
2002-06-19,19.236359330177574,-6.818345917635332,-30.38861093195338,-8.266996060812122
2002-06-20,18.101541728954636,-5.92914914119249,-31.443840699914247,-7.818019597503963
2002-06-21,18.366612027314943,-6.66808475533738,-31.968339081489315,-6.0222723295437435
2002-06-22,19.284455649022625,-6.3152383535741174,-31.75725273899287,-6.235784396866623
2002-06-23,18.382565351935302,-5.669472982095874,-31.234971578760266,-7.654970762056827
2002-06-24,18.655751834679396,-5.733298840681934,-30.552753824206007,-7.830905710313145
2002-06-25,17.958552997210255,-6.697066945192565,-31.473246252495805,-9.445393130343213
2002-06-26,18.109710070931744,-6.888346732470507,-31.27960733176184,-11.058250549233296
2002-06-27,18.032010139754483,-6.493394411758325,-31.248204728211782,-10.080631843204904
2002-06-28,18.653315364835002,-4.666812231812969,-32.36842529834646,-8.736996792591954
2002-06-29,19.366154609171844,-4.499998020485237,-30.278239237649213,-7.4480610823387075
2002-06-30,20.389146173262123,-4.1786793721756,-31.982385145277735,-7.977684689785513
2002-07-01,20.273539703573,-4.502472256054478,-32.583950622950965,-9.068701899239889
2002-07-02,19.061938625419415,-3.174648730322429,-31.307037223080187,-9.363946777488248
2002-07-03,19.953571684528445,-3.7721643125658146,-32.02612130693363,-9.151013939398709
2002-07-04,19.597622385051697,-3.8410950694836887,-33.17969900877798,-8.97897919203033
2002-07-05,18.757241569928127,-4.532144993009775,-34.03013412081401,-9.83341777130283
2002-07-06,19.98021834305995,-4.053233529463265,-32.85248469750726,-10.467415619605847
2002-07-07,20.815585050886888,-3.5143526044014317,-31.97455946840231,-11.364156684001584
2002-07-08,19.959180026496558,-3.4722670726924134,-31.21676061637394,-12.042050677066873
2002-07-09,19.66984218161049,-2.4453356215238786,-31.348247869179144,-12.226470958808944
2002-07-10,19.645826042538033,-2.775494426771675,-30.698132052078567,-10.798945392822217
2002-07-11,18.69902118042813,-3.25205083432444,-31.33443614393161,-10.954821449334462
2002-07-12,19.434224509730342,-4.842123668137693,-30.841162086351538,-9.922251396242766
2002-07-13,19.336549795720824,-3.7637742449001417,-31.469197533184804,-9.05399411245336
2002-07-14,18.84336977438782,-1.6837157080983105,-32.74935665711299,-7.769148218765805
2002-07-15,19.066908374236885,-2.605323197437304,-33.085616079991105,-7.134885112861969
2002-07-16,19.73310095682308,-3.145993538680647,-32.302826603553825,-7.7517678313886025
2002-07-17,19.197424457369856,-4.413783326695453,-31.19594257916161,-7.692866531656891
2002-07-18,18.464514635246143,-4.409045580190353,-31.040284837331583,-6.745011674730016
2002-07-19,19.634784767565748,-6.22818556576286,-30.75108332184185,-7.181333638292554
2002-07-20,20.215742562397885,-5.8559736780624645,-31.535127428974842,-7.350326627831182
2002-07-21,20.54067625814715,-5.387895220943392,-29.726330550446868,-7.839397434351596
2002-07-22,20.200942486006966,-4.584864833789293,-30.236391905574415,-8.166486047865856
2002-07-23,20.22558725017262,-5.856959343724769,-28.490594103953292,-8.417609048176047
2002-07-24,21.355292234298,-6.184754946300346,-29.357713429862223,-8.228183327507956
2002-07-25,21.93545690749351,-6.310301613737967,-28.74862145304479,-8.961622213871728
2002-07-26,20.72569214938002,-7.223420680988646,-28.569585211936246,-9.91607267853222
2002-07-27,19.679144818729572,-8.262578309819782,-27.552594240382398,-9.725000053426987
2002-07-28,20.78837751800168,-8.1931095901458,-25.447117224569197,-8.309472139746758
2002-07-29,20.953101076856406,-6.7475734970244226,-24.612089161945935,-9.885995887071402
2002-07-30,22.869041851180445,-5.184421054536042,-26.280515483640198,-9.77500755122778
2002-07-31,21.826539264520726,-5.591415540646238,-26.01263770686783,-8.694294144935203
2002-08-01,20.821594053224025,-7.865907682134589,-25.225579526757613,-8.765434784318234
2002-08-02,22.335420701554554,-8.906813261272898,-25.286429017024336,-7.963705402414712
2002-08-03,22.77936526234479,-11.635693902612012,-25.059906182370987,-8.336749323718477
2002-08-04,22.785905186795198,-10.70332014238125,-26.223338589647554,-9.386405598955136
2002-08-05,24.27435504287483,-11.12828706589868,-25.574958824432294,-7.536508347679811
2002-08-06,24.36138358507683,-12.50724720005519,-25.803733018718795,-7.753936612350358
2002-08-07,24.39917525936304,-11.492057199017644,-26.400419672909976,-7.956196269942856
2002-08-08,22.73750242156406,-12.839255770313299,-26.3352948847078,-5.900536698006424
2002-08-09,21.720757745381704,-12.963786887376747,-27.2305345917089,-6.016666755676419
2002-08-10,21.19693675103507,-11.910719738088861,-25.363713648048673,-6.63410607748027
2002-08-11,23.3785288770528,-10.68410104569848,-26.366425247521995,-7.622823613014558
2002-08-12,21.146789885476988,-11.344342659824497,-28.262031630295343,-6.492687462090669
2002-08-13,21.311172342062687,-12.672843406551074,-27.58221455921114,-5.7350264728363225
2002-08-14,20.785335692135025,-11.559864913488099,-26.491307430701827,-4.55781605509987
2002-08-15,19.45680066782118,-10.671375806363363,-26.851590740988165,-5.346370159404138
2002-08-16,20.63058513897332,-9.60970843522581,-26.089636788451745,-5.025254403333917
2002-08-17,19.476793056792285,-10.110516286401399,-27.66138916614732,-3.967424948473754
2002-08-18,18.819200168168237,-11.806223867928807,-27.406849651527434,-2.8838235910463883
2002-08-19,20.414964831813524,-11.232880552112018,-27.009871541128113,-1.9411137327207593
2002-08-20,19.28442568015322,-10.606942774487091,-28.998670166908134,-2.2883982888679752
2002-08-21,18.66278053552374,-9.308483662731609,-30.161453826400344,-2.7761200350014903
2002-08-22,18.055630809078245,-9.001416312367816,-30.74443231190452,-1.2681319002234976
2002-08-23,19.418210893248567,-6.816266505155895,-31.26686133023226,-0.9990554773843929
2002-08-24,19.933596744786747,-8.744902384632582,-31.155945221450562,-0.815231814644796
2002-08-25,21.48807929654585,-9.69377778494006,-30.94764545137685,-2.8651492791002307
2002-08-26,21.657131003774584,-8.728437649803004,-29.424353306766214,-2.117237374211661
2002-08-27,21.06500383406078,-9.662197843172143,-29.22170065203991,-2.162303764723574
2002-08-28,21.451027223240573,-10.262674642015387,-28.534426199992627,-2.2064081588716276
2002-08-29,21.63890738036981,-11.364493205823406,-27.958243058342166,-1.6705515334566574
2002-08-30,22.311117973672335,-11.055273484285529,-28.69439377638431,-0.6445849103732522
2002-08-31,22.76755507666817,-12.024444506645075,-26.738298019935577,0.12362273015042091
2002-09-01,24.23253373953363,-11.296743057018249,-27.466822684301274,-0.589542443445714
2002-09-02,25.261421705364935,-11.155595453701459,-30.09327963299988,-1.8728771193418572
2002-09-03,25.009591132208346,-9.029969587737215,-30.74394096200574,-2.7999001699384185
2002-09-04,25.95550899007309,-9.245897107946611,-30.760514006645444,-3.0442326902142827
2002-09-05,26.272796170776466,-7.98157932155751,-30.312307508931518,-2.1775990529062845
2002-09-06,27.92676170149987,-8.188709155143611,-30.628480058450588,-1.558564062348872
2002-09-07,28.732316981748873,-5.042629536855275,-29.822604888011913,-0.6866400931754497
2002-09-08,28.31733604624399,-6.109467777862181,-30.664827270093443,-1.105858315363252
2002-09-09,28.81373103042013,-5.836500097886383,-28.393643537047723,-3.9315343569165475
2002-09-10,28.961441340505118,-3.6145507839172795,-28.601915881367717,-5.394175284310751
2002-09-11,30.218497452883568,-3.3283707170542995,-29.177338979969228,-4.373828214773821
2002-09-12,31.16558363402421,-5.065184069711259,-29.403147255022485,-3.8496741950108158
2002-09-13,31.328006526448895,-4.856988999198307,-30.16629305059995,-5.936897030173908
2002-09-14,32.36981700001401,-5.769623181366658,-28.88955077814202,-6.582540760248708
2002-09-15,33.11754003924702,-5.217556169184987,-28.8415986709693,-6.484641878517571
2002-09-16,33.89073514942715,-6.3039498332016795,-28.40277179702033,-6.221266047350823
2002-09-17,33.273661995329135,-6.885857131414852,-28.177261255030974,-6.226535579576542
2002-09-18,33.9610938730214,-7.49614125946468,-27.74395533282554,-5.848870336301787
2002-09-19,33.8009564208166,-8.325749470958614,-26.341126560032404,-5.955920518799452
2002-09-20,34.89994370498398,-9.095644816161267,-26.608561693231053,-4.507578504100961
2002-09-21,35.203510565656465,-9.04863463500891,-25.03979178174934,-4.7781264584121645
2002-09-22,34.64316023149328,-11.35488441017161,-25.101667861867416,-3.904142443062551
2002-09-23,34.30753445098458,-9.370865870875953,-25.115912045165764,-5.036899651733976
2002-09-24,34.869445347978186,-9.19975064893708,-25.390774370260335,-4.231403953397791
2002-09-25,35.15101963613754,-7.2450303192493966,-26.146700071748352,-5.203359758141078
2002-09-26,35.72270575690029,-6.470042853693925,-26.196054225496415,-4.038500317052648
